Datetime,Datetime Date,Datetime Time,Noise Threshold,Noise Level,Weather
43829.6126,30/12/2019,14:42:08,[1],34,"['Clouds', 803, 296.26, 88]"
43829.61271,30/12/2019,14:42:18,[1],50,"['Clouds', 803, 296.26, 88]"
43829.61291,30/12/2019,14:42:36,[0],60,"['Clouds', 803, 296.26, 88]"
43829.61304,30/12/2019,14:42:47,[0],38,"['Clouds', 803, 296.27, 88]"
43829.61328,30/12/2019,14:43:07,[0],74,"['Clouds', 803, 296.26, 88]"
43829.6134,30/12/2019,14:43:18,[1],64,"['Clouds', 803, 296.26, 88]"
43829.61351,30/12/2019,14:43:27,[1],6,"['Clouds', 803, 296.27, 88]"
43829.61363,30/12/2019,14:43:38,[1],9,"['Clouds', 803, 296.27, 88]"
43829.61375,30/12/2019,14:43:48,[1],100,"['Clouds', 803, 296.26, 88]"
43829.61384,30/12/2019,14:43:56,[1],38,"['Clouds', 803, 296.26, 88]"
43829.61393,30/12/2019,14:44:04,[1],19,"['Clouds', 803, 296.26, 88]"
43829.6141,30/12/2019,14:44:18,[1],36,"['Clouds', 803, 296.26, 88]"
43829.61424,30/12/2019,14:44:30,[0],35,"['Clouds', 803, 296.26, 88]"
43829.61433,30/12/2019,14:44:38,[1],24,"['Clouds', 803, 296.26, 88]"
43829.61463,30/12/2019,14:45:04,[0],93,"['Clouds', 803, 296.26, 88]"
43829.61472,30/12/2019,14:45:12,[1],61,"['Clouds', 803, 296.26, 88]"
43829.61481,30/12/2019,14:45:19,[0],57,"['Clouds', 803, 296.26, 88]"
43829.6149,30/12/2019,14:45:28,[1],71,"['Clouds', 803, 296.26, 88]"
43829.615,30/12/2019,14:45:36,[1],44,"['Clouds', 803, 296.26, 88]"
43829.6151,30/12/2019,14:45:45,[0],25,"['Clouds', 803, 296.26, 88]"
43829.61518,30/12/2019,14:45:51,[1],56,"['Clouds', 803, 296.26, 88]"
43829.61549,30/12/2019,14:46:18,[0],95,"['Clouds', 803, 296.26, 88]"
43829.61578,30/12/2019,14:46:43,[0],34,"['Clouds', 803, 296.26, 88]"
43829.61587,30/12/2019,14:46:51,[0],58,"['Clouds', 803, 296.26, 88]"
43829.61597,30/12/2019,14:47:00,[0],19,"['Clouds', 803, 296.26, 88]"
43829.61609,30/12/2019,14:47:10,[1],2,"['Clouds', 803, 296.26, 88]"
43829.61618,30/12/2019,14:47:18,[1],85,"['Clouds', 803, 296.26, 88]"
43829.61688,30/12/2019,14:48:18,[1],66,"['Clouds', 803, 296.26, 88]"
43829.61709,30/12/2019,14:48:37,[0],35,"['Clouds', 803, 296.26, 88]"
43829.61719,30/12/2019,14:48:45,[0],23,"['Clouds', 803, 296.26, 88]"
43829.61812,30/12/2019,14:50:06,[1],4,"['Clouds', 803, 296.26, 88]"
43829.61821,30/12/2019,14:50:14,[0],96,"['Clouds', 803, 296.26, 88]"
43829.6188,30/12/2019,14:51:04,[0],34,"['Clouds', 803, 296.26, 88]"
43829.61915,30/12/2019,14:51:35,[1],7,"['Clouds', 803, 296.53, 83]"
43829.61925,30/12/2019,14:51:43,[1],40,"['Clouds', 803, 296.53, 83]"
43829.61965,30/12/2019,14:52:18,[1],79,"['Clouds', 803, 296.26, 88]"
43829.62077,30/12/2019,14:53:55,[1],88,"['Clouds', 803, 296.26, 88]"
43829.62091,30/12/2019,14:54:07,[0],97,"['Clouds', 803, 296.53, 83]"
43829.62104,30/12/2019,14:54:18,[1],55,"['Clouds', 803, 296.26, 88]"
43829.62158,30/12/2019,14:55:04,[0],40,"['Clouds', 803, 296.53, 83]"
43829.62167,30/12/2019,14:55:13,[0],51,"['Clouds', 803, 296.53, 83]"
43829.62243,30/12/2019,14:56:18,[0],87,"['Clouds', 803, 296.53, 83]"
43829.6236,30/12/2019,14:57:59,[0],32,"['Clouds', 803, 296.53, 83]"
43829.62371,30/12/2019,14:58:08,[1],7,"['Clouds', 803, 296.52, 83]"
43829.62382,30/12/2019,14:58:18,[1],35,"['Clouds', 803, 296.53, 83]"
43829.62439,30/12/2019,14:59:07,[1],98,"['Clouds', 803, 296.53, 83]"
43829.62449,30/12/2019,14:59:16,[0],12,"['Clouds', 803, 296.53, 83]"
43829.62506,30/12/2019,15:00:05,[1],17,"['Clouds', 803, 296.52, 83]"
43829.62515,30/12/2019,15:00:13,[1],21,"['Clouds', 803, 296.53, 83]"
43829.62578,30/12/2019,15:01:07,[1],60,"['Clouds', 803, 296.53, 83]"
43829.6259,30/12/2019,15:01:18,[1],61,"['Clouds', 803, 296.52, 83]"
43829.62689,30/12/2019,15:02:43,[1],5,"['Clouds', 803, 296.53, 83]"
43829.62699,30/12/2019,15:02:52,[1],97,"['Clouds', 803, 296.53, 83]"
43829.62715,30/12/2019,15:03:05,[1],97,"['Clouds', 803, 296.53, 83]"
43829.62729,30/12/2019,15:03:18,[1],48,"['Clouds', 803, 296.53, 83]"
43829.62742,30/12/2019,15:03:29,[1],37,"['Clouds', 803, 296.53, 83]"
43829.62752,30/12/2019,15:03:38,[1],54,"['Clouds', 803, 296.57, 83]"
43829.62785,30/12/2019,15:04:06,[0],5,"['Clouds', 803, 296.52, 83]"
43829.62794,30/12/2019,15:04:14,[1],62,"['Clouds', 803, 296.53, 83]"
43829.62854,30/12/2019,15:05:06,[0],81,"['Clouds', 803, 296.57, 83]"
43829.62863,30/12/2019,15:05:14,[1],26,"['Clouds', 803, 296.53, 83]"
43829.62873,30/12/2019,15:05:22,[1],35,"['Clouds', 803, 296.57, 83]"
43829.62882,30/12/2019,15:05:30,[1],57,"['Clouds', 803, 296.52, 83]"
43829.62891,30/12/2019,15:05:38,[1],89,"['Clouds', 803, 296.57, 83]"
43829.629,30/12/2019,15:05:46,[0],75,"['Clouds', 803, 296.52, 83]"
43829.62937,30/12/2019,15:06:18,[0],24,"['Clouds', 803, 296.53, 83]"
43829.62998,30/12/2019,15:07:10,[1],66,"['Clouds', 803, 296.57, 83]"
43829.63008,30/12/2019,15:07:19,[1],29,"['Clouds', 803, 296.57, 83]"
43829.63093,30/12/2019,15:08:33,[1],25,"['Clouds', 803, 296.57, 83]"
43829.63119,30/12/2019,15:08:54,[1],34,"['Clouds', 803, 296.57, 83]"
43829.63129,30/12/2019,15:09:03,[1],76,"['Clouds', 803, 296.57, 83]"
43829.63144,30/12/2019,15:09:16,[0],13,"['Clouds', 803, 296.57, 83]"
43829.63155,30/12/2019,15:09:26,[1],39,"['Clouds', 803, 296.52, 83]"
43829.63164,30/12/2019,15:09:34,[1],7,"['Clouds', 803, 296.52, 83]"
43829.632,30/12/2019,15:10:05,[1],82,"['Clouds', 803, 296.57, 83]"
43829.63211,30/12/2019,15:10:14,[0],17,"['Clouds', 803, 296.57, 83]"
43829.63221,30/12/2019,15:10:23,[1],83,"['Clouds', 803, 296.57, 83]"
43829.63229,30/12/2019,15:10:30,[0],0,"['Clouds', 803, 296.57, 83]"
43829.63238,30/12/2019,15:10:38,[1],3,"['Clouds', 803, 296.52, 83]"
43829.63248,30/12/2019,15:10:46,[1],37,"['Clouds', 803, 296.52, 83]"
43829.63273,30/12/2019,15:11:07,[0],61,"['Clouds', 803, 296.57, 83]"
43829.63282,30/12/2019,15:11:16,[1],65,"['Clouds', 803, 296.57, 83]"
43829.63292,30/12/2019,15:11:24,[0],96,"['Clouds', 803, 296.57, 83]"
43829.63302,30/12/2019,15:11:33,[1],29,"['Clouds', 803, 296.57, 83]"
43829.63311,30/12/2019,15:11:41,[0],37,"['Clouds', 803, 296.57, 83]"
43829.63347,30/12/2019,15:12:12,[1],10,"['Clouds', 803, 296.52, 83]"
43829.63401,30/12/2019,15:12:59,[0],43,"['Clouds', 803, 296.57, 83]"
43829.63412,30/12/2019,15:13:08,[0],2,"['Clouds', 803, 296.57, 83]"
43829.63422,30/12/2019,15:13:17,[1],12,"['Clouds', 803, 296.57, 83]"
43829.63527,30/12/2019,15:14:47,[1],31,"['Clouds', 803, 296.56, 83]"
43829.63609,30/12/2019,15:15:58,[1],12,"['Clouds', 803, 296.56, 83]"
43829.63632,30/12/2019,15:16:18,[0],33,"['Clouds', 803, 296.56, 83]"
43829.63692,30/12/2019,15:17:10,[1],13,"['Clouds', 803, 296.56, 83]"
43829.63701,30/12/2019,15:17:18,[1],58,"['Clouds', 803, 296.56, 83]"
43829.63715,30/12/2019,15:17:30,[1],5,"['Clouds', 803, 296.57, 83]"
43829.63739,30/12/2019,15:17:51,[1],62,"['Clouds', 803, 296.56, 83]"
43829.63771,30/12/2019,15:18:18,[1],84,"['Clouds', 803, 296.56, 83]"
43829.63823,30/12/2019,15:19:03,[1],59,"['Clouds', 803, 296.56, 83]"
43829.63835,30/12/2019,15:19:14,[0],58,"['Clouds', 803, 296.56, 83]"
43829.63894,30/12/2019,15:20:04,[0],47,"['Clouds', 803, 296.56, 83]"
43829.63903,30/12/2019,15:20:12,[1],8,"['Clouds', 803, 296.56, 83]"
43829.63912,30/12/2019,15:20:20,[0],79,"['Clouds', 803, 296.56, 83]"
43829.63928,30/12/2019,15:20:34,[0],34,"['Clouds', 803, 296.56, 83]"
43829.63938,30/12/2019,15:20:43,[1],30,"['Clouds', 803, 296.56, 83]"
43829.63962,30/12/2019,15:21:03,[0],82,"['Clouds', 803, 296.56, 83]"
43829.63972,30/12/2019,15:21:12,[0],12,"['Clouds', 803, 296.56, 83]"
43829.64049,30/12/2019,15:22:18,[1],52,"['Clouds', 803, 296.56, 83]"
43829.64082,30/12/2019,15:22:47,[0],55,"['Clouds', 803, 296.56, 83]"
43829.64091,30/12/2019,15:22:55,[1],35,"['Clouds', 803, 296.56, 83]"
43829.64101,30/12/2019,15:23:03,[0],87,"['Clouds', 803, 296.56, 83]"
43829.64119,30/12/2019,15:23:19,[0],26,"['Clouds', 803, 296.56, 83]"
43829.64179,30/12/2019,15:24:10,[0],46,"['Clouds', 803, 296.56, 83]"
43829.64226,30/12/2019,15:24:51,[1],53,"['Clouds', 803, 296.56, 83]"
43829.64236,30/12/2019,15:25:00,[1],93,"['Clouds', 803, 296.56, 83]"
43829.64245,30/12/2019,15:25:07,[1],15,"['Clouds', 802, 296.56, 83]"
43829.64254,30/12/2019,15:25:16,[0],25,"['Clouds', 803, 296.56, 83]"
43829.64263,30/12/2019,15:25:23,[1],46,"['Clouds', 802, 296.56, 83]"
43829.64326,30/12/2019,15:26:18,[1],84,"['Clouds', 803, 296.56, 83]"
43829.64387,30/12/2019,15:27:10,[1],14,"['Clouds', 802, 296.56, 83]"
43829.64396,30/12/2019,15:27:18,[0],12,"['Clouds', 802, 296.5, 83]"
43829.64407,30/12/2019,15:27:27,[1],71,"['Clouds', 802, 296.5, 83]"
43829.64437,30/12/2019,15:27:54,[1],96,"['Clouds', 802, 296.5, 83]"
43829.64448,30/12/2019,15:28:03,[1],56,"['Clouds', 802, 296.56, 83]"
43829.64465,30/12/2019,15:28:18,[1],83,"['Clouds', 803, 296.56, 83]"
43829.64526,30/12/2019,15:29:10,[1],100,"['Clouds', 802, 296.5, 83]"
43829.64535,30/12/2019,15:29:18,[0],48,"['Clouds', 802, 296.5, 83]"
43829.64545,30/12/2019,15:29:27,[1],40,"['Clouds', 802, 296.5, 83]"
43829.64595,30/12/2019,15:30:10,[0],50,"['Clouds', 802, 296.56, 83]"
43829.64674,30/12/2019,15:31:18,[1],3,"['Clouds', 802, 296.5, 83]"
43829.64683,30/12/2019,15:31:26,[1],61,"['Clouds', 802, 296.5, 83]"
43829.64693,30/12/2019,15:31:35,[0],18,"['Clouds', 802, 296.5, 83]"
43829.64703,30/12/2019,15:31:43,[1],49,"['Clouds', 802, 296.56, 83]"
43829.64732,30/12/2019,15:32:08,[0],99,"['Clouds', 802, 296.5, 83]"
43829.64743,30/12/2019,15:32:18,[1],3,"['Clouds', 802, 296.56, 83]"
43829.64799,30/12/2019,15:33:06,[0],49,"['Clouds', 802, 296.5, 83]"
43829.64809,30/12/2019,15:33:15,[0],11,"['Clouds', 802, 296.5, 83]"
43829.64819,30/12/2019,15:33:23,[1],16,"['Clouds', 802, 296.5, 83]"
43829.64831,30/12/2019,15:33:34,[1],59,"['Clouds', 802, 296.5, 83]"
43829.64878,30/12/2019,15:34:14,[1],76,"['Clouds', 802, 296.56, 83]"
43829.64887,30/12/2019,15:34:23,[1],4,"['Clouds', 802, 296.55, 83]"
43829.64898,30/12/2019,15:34:32,[0],12,"['Clouds', 802, 296.56, 83]"
43829.64923,30/12/2019,15:34:54,[1],35,"['Clouds', 802, 296.5, 83]"
43829.64933,30/12/2019,15:35:02,[0],94,"['Clouds', 802, 296.55, 83]"
43829.64942,30/12/2019,15:35:10,[0],52,"['Clouds', 802, 296.55, 83]"
43829.64951,30/12/2019,15:35:18,[0],20,"['Clouds', 802, 296.55, 83]"
43829.6496,30/12/2019,15:35:26,[1],86,"['Clouds', 802, 296.5, 83]"
43829.64991,30/12/2019,15:35:52,[0],38,"['Clouds', 802, 296.5, 83]"
43829.65021,30/12/2019,15:36:18,[0],91,"['Clouds', 802, 296.5, 83]"
43829.65031,30/12/2019,15:36:27,[1],17,"['Clouds', 802, 296.5, 83]"
43829.65063,30/12/2019,15:36:54,[1],62,"['Clouds', 802, 296.55, 83]"
43829.65072,30/12/2019,15:37:02,[1],80,"['Clouds', 802, 296.57, 83]"
43829.6516,30/12/2019,15:38:18,[0],4,"['Clouds', 802, 296.57, 83]"
43829.65215,30/12/2019,15:39:06,[1],85,"['Clouds', 802, 296.57, 83]"
43829.65229,30/12/2019,15:39:18,[1],17,"['Clouds', 802, 296.55, 83]"
43829.65239,30/12/2019,15:39:26,[1],55,"['Clouds', 802, 296.55, 83]"
43829.65248,30/12/2019,15:39:34,[0],33,"['Clouds', 802, 296.57, 83]"
43829.65278,30/12/2019,15:40:00,[0],9,"['Clouds', 802, 296.55, 83]"
43829.65287,30/12/2019,15:40:08,[1],100,"['Clouds', 802, 296.57, 83]"
43829.65297,30/12/2019,15:40:16,[1],91,"['Clouds', 802, 296.55, 83]"
43829.65306,30/12/2019,15:40:24,[0],44,"['Clouds', 802, 296.57, 83]"
43829.65315,30/12/2019,15:40:32,[1],70,"['Clouds', 802, 296.57, 83]"
43829.65324,30/12/2019,15:40:40,[1],69,"['Clouds', 802, 296.55, 83]"
43829.65337,30/12/2019,15:40:51,[1],6,"['Clouds', 802, 296.57, 83]"
43829.65348,30/12/2019,15:41:00,[0],86,"['Clouds', 802, 296.57, 83]"
43829.65359,30/12/2019,15:41:10,[1],31,"['Clouds', 802, 296.57, 83]"
43829.65369,30/12/2019,15:41:18,[0],95,"['Clouds', 802, 296.55, 83]"
43829.6539,30/12/2019,15:41:37,[1],14,"['Clouds', 802, 296.55, 83]"
43829.65399,30/12/2019,15:41:45,[1],93,"['Clouds', 802, 296.57, 83]"
43829.65438,30/12/2019,15:42:18,[1],48,"['Clouds', 802, 296.57, 83]"
43829.65448,30/12/2019,15:42:27,[0],7,"['Clouds', 802, 296.57, 83]"
43829.65459,30/12/2019,15:42:36,[1],47,"['Clouds', 802, 296.55, 83]"
43829.6555,30/12/2019,15:43:56,[0],90,"['Clouds', 802, 296.55, 83]"
43829.65572,30/12/2019,15:44:14,[1],64,"['Clouds', 802, 296.57, 83]"
43829.65582,30/12/2019,15:44:23,[1],42,"['Clouds', 802, 296.55, 83]"
43829.6563,30/12/2019,15:45:05,[1],97,"['Clouds', 802, 296.55, 83]"
43829.65639,30/12/2019,15:45:12,[1],62,"['Clouds', 802, 296.57, 83]"
43829.65649,30/12/2019,15:45:20,[1],90,"['Clouds', 802, 296.57, 83]"
43829.65658,30/12/2019,15:45:29,[1],58,"['Clouds', 802, 296.59, 83]"
43829.65667,30/12/2019,15:45:36,[1],64,"['Clouds', 802, 296.57, 83]"
43829.65676,30/12/2019,15:45:44,[1],19,"['Clouds', 802, 296.57, 83]"
43829.65686,30/12/2019,15:45:52,[0],77,"['Clouds', 802, 296.59, 83]"
43829.65715,30/12/2019,15:46:18,[1],81,"['Clouds', 802, 296.59, 83]"
43829.65737,30/12/2019,15:46:37,[1],33,"['Clouds', 802, 296.57, 83]"
43829.65751,30/12/2019,15:46:49,[1],2,"['Clouds', 802, 296.57, 83]"
43829.6576,30/12/2019,15:46:57,[1],49,"['Clouds', 802, 296.59, 83]"
43829.65767,30/12/2019,15:47:03,[1],48,"['Clouds', 802, 296.57, 83]"
43829.6578,30/12/2019,15:47:14,[1],67,"['Clouds', 802, 296.57, 83]"
43829.6579,30/12/2019,15:47:23,[0],73,"['Clouds', 802, 296.57, 83]"
43829.65799,30/12/2019,15:47:31,[1],36,"['Clouds', 802, 296.57, 83]"
43829.65854,30/12/2019,15:48:18,[1],96,"['Clouds', 802, 296.57, 83]"
43829.65904,30/12/2019,15:49:01,[1],5,"['Clouds', 802, 296.59, 83]"
43829.65914,30/12/2019,15:49:10,[0],38,"['Clouds', 802, 296.59, 83]"
43829.65924,30/12/2019,15:49:18,[0],35,"['Clouds', 802, 296.59, 83]"
43829.6594,30/12/2019,15:49:32,[0],30,"['Clouds', 802, 296.59, 83]"
43829.65949,30/12/2019,15:49:40,[1],67,"['Clouds', 802, 296.59, 83]"
43829.65983,30/12/2019,15:50:10,[1],85,"['Clouds', 802, 296.59, 83]"
43829.65993,30/12/2019,15:50:18,[0],17,"['Clouds', 802, 296.59, 83]"
43829.66002,30/12/2019,15:50:26,[1],79,"['Clouds', 802, 296.57, 83]"
43829.66011,30/12/2019,15:50:33,[0],81,"['Clouds', 802, 296.59, 83]"
43829.66022,30/12/2019,15:50:43,[0],42,"['Clouds', 804, 296.53, 83]"
43829.66031,30/12/2019,15:50:51,[0],81,"['Clouds', 802, 296.59, 83]"
43829.66041,30/12/2019,15:50:59,[0],36,"['Clouds', 802, 296.59, 83]"
43829.66054,30/12/2019,15:51:10,[1],68,"['Clouds', 804, 296.53, 83]"
43829.66071,30/12/2019,15:51:26,[1],7,"['Clouds', 802, 296.59, 83]"
43829.66081,30/12/2019,15:51:34,[0],91,"['Clouds', 802, 296.59, 83]"
43829.6609,30/12/2019,15:51:42,[0],49,"['Clouds', 804, 296.53, 83]"
43829.66108,30/12/2019,15:51:57,[0],92,"['Clouds', 802, 296.59, 83]"
43829.66122,30/12/2019,15:52:09,[1],74,"['Clouds', 802, 296.59, 83]"
43829.66132,30/12/2019,15:52:18,[0],93,"['Clouds', 802, 296.59, 83]"
43829.6616,30/12/2019,15:52:42,[0],19,"['Clouds', 804, 296.53, 83]"
43829.66185,30/12/2019,15:53:04,[0],51,"['Clouds', 804, 296.53, 83]"
43829.66194,30/12/2019,15:53:12,[1],24,"['Clouds', 802, 296.59, 83]"
43829.66204,30/12/2019,15:53:20,[1],11,"['Clouds', 802, 296.59, 83]"
43829.66239,30/12/2019,15:53:50,[1],94,"['Clouds', 802, 296.59, 83]"
43829.66248,30/12/2019,15:53:58,[1],49,"['Clouds', 804, 296.53, 83]"
43829.66271,30/12/2019,15:54:18,[1],69,"['Clouds', 802, 296.59, 83]"
43829.6633,30/12/2019,15:55:09,[1],68,"['Clouds', 804, 296.53, 83]"
43829.66339,30/12/2019,15:55:17,[0],84,"['Clouds', 802, 296.59, 83]"
43829.66348,30/12/2019,15:55:25,[1],95,"['Clouds', 802, 296.59, 83]"
43829.66357,30/12/2019,15:55:33,[0],20,"['Clouds', 802, 296.59, 83]"
43829.66367,30/12/2019,15:55:41,[1],90,"['Clouds', 802, 296.59, 83]"
43829.6641,30/12/2019,15:56:18,[1],32,"['Clouds', 802, 296.59, 83]"
43829.6647,30/12/2019,15:57:10,[1],18,"['Clouds', 804, 296.52, 83]"
43829.66526,30/12/2019,15:57:58,[0],90,"['Clouds', 804, 296.53, 83]"
43829.66536,30/12/2019,15:58:07,[0],17,"['Clouds', 802, 296.59, 83]"
43829.66549,30/12/2019,15:58:18,[0],51,"['Clouds', 802, 296.59, 83]"
43829.6656,30/12/2019,15:58:28,[1],17,"['Clouds', 804, 296.52, 83]"
43829.66609,30/12/2019,15:59:10,[1],51,"['Clouds', 802, 296.59, 83]"
43829.66619,30/12/2019,15:59:18,[0],40,"['Clouds', 804, 296.53, 83]"
43829.66638,30/12/2019,15:59:35,[1],9,"['Clouds', 804, 296.53, 83]"
43829.66649,30/12/2019,15:59:45,[1],55,"['Clouds', 804, 296.53, 83]"
43829.66678,30/12/2019,16:00:10,[1],10,"['Clouds', 804, 296.53, 83]"
43829.66687,30/12/2019,16:00:18,[1],58,"['Clouds', 804, 296.52, 83]"
43829.66697,30/12/2019,16:00:26,[0],82,"['Clouds', 804, 296.53, 83]"
43829.66707,30/12/2019,16:00:35,[1],89,"['Clouds', 804, 296.52, 83]"
43829.66716,30/12/2019,16:00:43,[1],39,"['Clouds', 804, 296.52, 83]"
43829.6673,30/12/2019,16:00:55,[1],82,"['Clouds', 804, 296.52, 83]"
43829.6674,30/12/2019,16:01:03,[1],92,"['Clouds', 804, 296.52, 83]"
43829.66756,30/12/2019,16:01:17,[0],93,"['Clouds', 804, 296.52, 83]"
43829.66768,30/12/2019,16:01:27,[1],51,"['Clouds', 804, 296.52, 83]"
43829.66778,30/12/2019,16:01:36,[1],85,"['Clouds', 804, 296.52, 83]"
43829.66827,30/12/2019,16:02:18,[1],87,"['Clouds', 804, 296.52, 83]"
43829.66847,30/12/2019,16:02:36,[0],88,"['Clouds', 804, 296.52, 83]"
43829.66856,30/12/2019,16:02:44,[1],38,"['Clouds', 804, 296.52, 83]"
43829.66872,30/12/2019,16:02:58,[1],65,"['Clouds', 804, 296.52, 83]"
43829.66884,30/12/2019,16:03:08,[1],96,"['Clouds', 804, 296.52, 83]"
43829.66895,30/12/2019,16:03:17,[1],13,"['Clouds', 804, 296.52, 83]"
43829.66935,30/12/2019,16:03:52,[1],39,"['Clouds', 804, 296.52, 83]"
43829.66945,30/12/2019,16:04:01,[1],34,"['Clouds', 804, 296.52, 83]"
43829.66955,30/12/2019,16:04:09,[1],58,"['Clouds', 804, 296.52, 83]"
43829.66965,30/12/2019,16:04:18,[0],82,"['Clouds', 804, 296.52, 83]"
43829.67021,30/12/2019,16:05:06,[1],36,"['Clouds', 804, 296.52, 83]"
43829.67031,30/12/2019,16:05:14,[1],48,"['Clouds', 804, 296.52, 83]"
43829.6704,30/12/2019,16:05:22,[1],46,"['Clouds', 804, 296.52, 83]"
43829.67049,30/12/2019,16:05:31,[0],70,"['Clouds', 804, 296.52, 83]"
43829.67085,30/12/2019,16:06:02,[0],91,"['Clouds', 804, 296.52, 83]"
43829.67174,30/12/2019,16:07:18,[1],47,"['Clouds', 804, 296.52, 83]"
43829.67293,30/12/2019,16:09:01,[0],78,"['Clouds', 804, 296.5, 83]"
43829.67303,30/12/2019,16:09:09,[0],54,"['Clouds', 804, 296.52, 83]"
43829.67313,30/12/2019,16:09:18,[1],46,"['Clouds', 804, 296.5, 83]"
43829.67379,30/12/2019,16:10:16,[1],43,"['Clouds', 804, 296.52, 83]"
43829.67388,30/12/2019,16:10:24,[1],91,"['Clouds', 804, 296.52, 83]"
43829.67412,30/12/2019,16:10:44,[0],9,"['Clouds', 804, 296.5, 83]"
43829.67423,30/12/2019,16:10:53,[0],32,"['Clouds', 804, 296.51, 83]"
43829.67433,30/12/2019,16:11:02,[1],63,"['Clouds', 804, 296.51, 83]"
43829.67442,30/12/2019,16:11:10,[1],47,"['Clouds', 804, 296.51, 83]"
43829.67451,30/12/2019,16:11:18,[0],41,"['Clouds', 804, 296.5, 83]"
43829.67521,30/12/2019,16:12:18,[1],79,"['Clouds', 804, 296.5, 83]"
43829.6757,30/12/2019,16:13:01,[0],44,"['Clouds', 804, 296.51, 83]"
43829.67582,30/12/2019,16:13:10,[0],3,"['Clouds', 804, 296.5, 83]"
43829.67591,30/12/2019,16:13:18,[1],77,"['Clouds', 804, 296.51, 83]"
43829.676,30/12/2019,16:13:26,[0],30,"['Clouds', 804, 296.5, 83]"
43829.6766,30/12/2019,16:14:18,[0],86,"['Clouds', 804, 296.51, 83]"
43829.67672,30/12/2019,16:14:28,[0],7,"['Clouds', 804, 296.5, 83]"
43829.67799,30/12/2019,16:16:18,[1],49,"['Clouds', 804, 296.5, 83]"
43829.67844,30/12/2019,16:16:58,[1],84,"['Clouds', 804, 296.5, 83]"
43829.67854,30/12/2019,16:17:06,[0],6,"['Clouds', 804, 296.5, 83]"
43829.67868,30/12/2019,16:17:18,[0],16,"['Clouds', 804, 296.5, 83]"
43829.67899,30/12/2019,16:17:45,[1],93,"['Clouds', 804, 296.5, 83]"
43829.6791,30/12/2019,16:17:54,[0],35,"['Clouds', 804, 296.5, 83]"
43829.67919,30/12/2019,16:18:02,[1],64,"['Clouds', 804, 296.5, 83]"
43829.67938,30/12/2019,16:18:18,[1],67,"['Clouds', 804, 296.51, 83]"
43829.67993,30/12/2019,16:19:06,[0],35,"['Clouds', 804, 296.5, 83]"
43829.68003,30/12/2019,16:19:15,[1],67,"['Clouds', 804, 296.5, 83]"
43829.68013,30/12/2019,16:19:23,[0],75,"['Clouds', 804, 296.49, 83]"
43829.6813,30/12/2019,16:21:05,[1],50,"['Clouds', 804, 296.49, 83]"
43829.6814,30/12/2019,16:21:13,[1],49,"['Clouds', 804, 296.5, 83]"
43829.68149,30/12/2019,16:21:21,[1],91,"['Clouds', 804, 296.49, 83]"
43829.68215,30/12/2019,16:22:18,[1],31,"['Clouds', 803, 296.44, 83]"
43829.68271,30/12/2019,16:23:07,[0],11,"['Clouds', 804, 296.49, 83]"
43829.68285,30/12/2019,16:23:18,[1],68,"['Clouds', 803, 296.44, 83]"
43829.68297,30/12/2019,16:23:28,[0],39,"['Clouds', 803, 296.44, 83]"
43829.68307,30/12/2019,16:23:37,[1],74,"['Clouds', 803, 296.44, 83]"
43829.68354,30/12/2019,16:24:18,[1],44,"['Clouds', 803, 296.44, 83]"
43829.68433,30/12/2019,16:25:26,[1],81,"['Clouds', 804, 296.49, 83]"
43829.6848,30/12/2019,16:26:07,[1],53,"['Clouds', 803, 296.44, 83]"
43829.68489,30/12/2019,16:26:15,[1],11,"['Clouds', 803, 296.44, 83]"
43829.68511,30/12/2019,16:26:34,[0],96,"['Clouds', 803, 296.44, 83]"
43829.68521,30/12/2019,16:26:42,[1],13,"['Clouds', 804, 296.49, 83]"
43829.68553,30/12/2019,16:27:10,[1],66,"['Clouds', 803, 296.44, 83]"
43829.68565,30/12/2019,16:27:20,[0],78,"['Clouds', 804, 296.49, 83]"
43829.68576,30/12/2019,16:27:29,[1],14,"['Clouds', 804, 296.49, 83]"
43829.68585,30/12/2019,16:27:37,[1],13,"['Clouds', 803, 296.44, 83]"
43829.68594,30/12/2019,16:27:45,[0],99,"['Clouds', 803, 296.44, 83]"
43829.68626,30/12/2019,16:28:13,[0],8,"['Clouds', 803, 296.44, 83]"
43829.68648,30/12/2019,16:28:32,[1],38,"['Clouds', 803, 296.44, 83]"
43829.68671,30/12/2019,16:28:52,[1],85,"['Clouds', 803, 296.44, 83]"
43829.68681,30/12/2019,16:29:00,[1],81,"['Clouds', 804, 296.49, 83]"
43829.68692,30/12/2019,16:29:10,[0],18,"['Clouds', 803, 296.44, 83]"
43829.68702,30/12/2019,16:29:18,[1],36,"['Clouds', 803, 296.44, 83]"
43829.68711,30/12/2019,16:29:26,[1],50,"['Clouds', 803, 296.44, 83]"
43829.6872,30/12/2019,16:29:34,[0],11,"['Clouds', 803, 296.44, 83]"
43829.6873,30/12/2019,16:29:43,[0],2,"['Clouds', 804, 296.49, 83]"
43829.6874,30/12/2019,16:29:51,[1],24,"['Clouds', 803, 296.44, 83]"
43829.68755,30/12/2019,16:30:05,[0],88,"['Clouds', 803, 296.44, 83]"
43829.68774,30/12/2019,16:30:20,[1],51,"['Clouds', 804, 296.49, 83]"
43829.68783,30/12/2019,16:30:28,[0],86,"['Clouds', 803, 296.44, 83]"
43829.68792,30/12/2019,16:30:36,[0],38,"['Clouds', 803, 296.42, 83]"
43829.68801,30/12/2019,16:30:44,[1],18,"['Clouds', 803, 296.42, 83]"
43829.68813,30/12/2019,16:30:54,[1],41,"['Clouds', 803, 296.42, 83]"
43829.68832,30/12/2019,16:31:11,[0],16,"['Clouds', 803, 296.42, 83]"
43829.68841,30/12/2019,16:31:18,[1],2,"['Clouds', 803, 296.42, 83]"
43829.68868,30/12/2019,16:31:42,[1],84,"['Clouds', 803, 296.42, 83]"
43829.68879,30/12/2019,16:31:51,[1],39,"['Clouds', 803, 296.42, 83]"
43829.6891,30/12/2019,16:32:18,[0],99,"['Clouds', 803, 296.42, 83]"
43829.6901,30/12/2019,16:33:45,[1],82,"['Clouds', 803, 296.42, 83]"
43829.69089,30/12/2019,16:34:53,[1],95,"['Clouds', 803, 296.42, 83]"
43829.69099,30/12/2019,16:35:01,[1],16,"['Clouds', 803, 296.42, 83]"
43829.69108,30/12/2019,16:35:09,[0],53,"['Clouds', 803, 296.42, 83]"
43829.69117,30/12/2019,16:35:17,[0],89,"['Clouds', 803, 296.42, 83]"
43829.69128,30/12/2019,16:35:27,[1],22,"['Clouds', 803, 296.42, 83]"
43829.6915,30/12/2019,16:35:45,[0],72,"['Clouds', 803, 296.42, 83]"
43829.69188,30/12/2019,16:36:18,[1],82,"['Clouds', 803, 296.38, 83]"
43829.69248,30/12/2019,16:37:10,[1],45,"['Clouds', 803, 296.42, 83]"
43829.69257,30/12/2019,16:37:18,[1],75,"['Clouds', 803, 296.42, 83]"
43829.69327,30/12/2019,16:38:18,[1],40,"['Clouds', 803, 296.42, 83]"
43829.69375,30/12/2019,16:39:00,[0],44,"['Clouds', 803, 296.42, 83]"
43829.69384,30/12/2019,16:39:08,[0],100,"['Clouds', 803, 296.38, 83]"
43829.69394,30/12/2019,16:39:17,[1],47,"['Clouds', 803, 296.42, 83]"
43829.69418,30/12/2019,16:39:37,[1],62,"['Clouds', 803, 296.42, 83]"
43829.69427,30/12/2019,16:39:45,[1],76,"['Clouds', 803, 296.42, 83]"
43829.69451,30/12/2019,16:40:05,[0],79,"['Clouds', 803, 296.42, 83]"
43829.6946,30/12/2019,16:40:13,[1],100,"['Clouds', 803, 296.42, 83]"
43829.69469,30/12/2019,16:40:22,[0],29,"['Clouds', 803, 296.42, 83]"
43829.69526,30/12/2019,16:41:10,[1],81,"['Clouds', 803, 296.38, 83]"
43829.69605,30/12/2019,16:42:18,[1],81,"['Clouds', 803, 296.38, 83]"
43829.69614,30/12/2019,16:42:26,[0],58,"['Clouds', 803, 296.38, 83]"
43829.69637,30/12/2019,16:42:47,[0],31,"['Clouds', 803, 296.38, 83]"
43829.6965,30/12/2019,16:42:58,[0],63,"['Clouds', 803, 296.38, 83]"
43829.69665,30/12/2019,16:43:10,[1],65,"['Clouds', 803, 296.38, 83]"
43829.69679,30/12/2019,16:43:23,[1],68,"['Clouds', 803, 296.38, 83]"
43829.69692,30/12/2019,16:43:34,[1],32,"['Clouds', 803, 296.38, 83]"
43829.69703,30/12/2019,16:43:44,[1],2,"['Clouds', 803, 296.38, 83]"
43829.69723,30/12/2019,16:44:01,[0],99,"['Clouds', 803, 296.38, 83]"
43829.69733,30/12/2019,16:44:10,[1],16,"['Clouds', 803, 296.38, 83]"
43829.69744,30/12/2019,16:44:19,[0],74,"['Clouds', 803, 296.38, 83]"
43829.69753,30/12/2019,16:44:26,[1],38,"['Clouds', 803, 296.38, 83]"
43829.69772,30/12/2019,16:44:43,[1],94,"['Clouds', 803, 296.38, 83]"
43829.69782,30/12/2019,16:44:52,[1],36,"['Clouds', 803, 296.38, 83]"
43829.69793,30/12/2019,16:45:02,[1],68,"['Clouds', 803, 296.38, 83]"
43829.69803,30/12/2019,16:45:10,[0],96,"['Clouds', 803, 296.38, 83]"
43829.69812,30/12/2019,16:45:18,[1],39,"['Clouds', 803, 296.38, 83]"
43829.69821,30/12/2019,16:45:25,[0],59,"['Clouds', 803, 296.38, 83]"
43829.69831,30/12/2019,16:45:34,[1],20,"['Clouds', 803, 296.38, 83]"
43829.69843,30/12/2019,16:45:44,[1],59,"['Clouds', 803, 296.38, 83]"
43829.69882,30/12/2019,16:46:18,[0],33,"['Clouds', 803, 296.38, 83]"
43829.69897,30/12/2019,16:46:31,[1],30,"['Clouds', 803, 296.38, 83]"
43829.6994,30/12/2019,16:47:08,[1],27,"['Clouds', 803, 296.38, 83]"
43829.69951,30/12/2019,16:47:18,[1],93,"['Clouds', 803, 296.38, 83]"
43829.69968,30/12/2019,16:47:32,[0],72,"['Clouds', 803, 296.38, 83]"
43829.70021,30/12/2019,16:48:18,[0],35,"['Clouds', 803, 296.38, 83]"
43829.70081,30/12/2019,16:49:10,[0],9,"['Clouds', 803, 296.38, 83]"
43829.70091,30/12/2019,16:49:18,[1],51,"['Clouds', 803, 296.38, 83]"
43829.70102,30/12/2019,16:49:28,[1],94,"['Clouds', 803, 296.38, 83]"
43829.70112,30/12/2019,16:49:36,[1],25,"['Clouds', 803, 296.38, 83]"
43829.70121,30/12/2019,16:49:45,[1],37,"['Clouds', 803, 296.38, 83]"
43829.70148,30/12/2019,16:50:08,[1],97,"['Clouds', 803, 296.38, 83]"
43829.70157,30/12/2019,16:50:16,[0],61,"['Clouds', 803, 296.38, 83]"
43829.70167,30/12/2019,16:50:24,[0],30,"['Clouds', 803, 296.38, 83]"
43829.70178,30/12/2019,16:50:34,[1],73,"['Clouds', 803, 296.38, 83]"
43829.70187,30/12/2019,16:50:42,[1],4,"['Clouds', 803, 296.38, 83]"
43829.70211,30/12/2019,16:51:02,[1],48,"['Clouds', 803, 296.38, 83]"
43829.7022,30/12/2019,16:51:10,[1],26,"['Clouds', 803, 296.38, 83]"
43829.7023,30/12/2019,16:51:19,[0],96,"['Clouds', 803, 295.84, 88]"
43829.7024,30/12/2019,16:51:27,[1],7,"['Clouds', 803, 296.38, 83]"
43829.70261,30/12/2019,16:51:46,[0],2,"['Clouds', 803, 296.38, 83]"
43829.70271,30/12/2019,16:51:54,[1],40,"['Clouds', 803, 296.38, 83]"
43829.7028,30/12/2019,16:52:02,[1],80,"['Clouds', 803, 296.38, 83]"
43829.70299,30/12/2019,16:52:18,[1],81,"['Clouds', 803, 295.84, 88]"
43829.7034,30/12/2019,16:52:54,[0],64,"['Clouds', 803, 295.84, 88]"
43829.70356,30/12/2019,16:53:08,[1],53,"['Clouds', 803, 295.84, 88]"
43829.70368,30/12/2019,16:53:18,[1],17,"['Clouds', 803, 296.38, 83]"
43829.70379,30/12/2019,16:53:28,[1],6,"['Clouds', 803, 295.84, 88]"
43829.70438,30/12/2019,16:54:18,[0],78,"['Clouds', 803, 296.38, 83]"
43829.70452,30/12/2019,16:54:31,[0],76,"['Clouds', 803, 295.84, 88]"
43829.70463,30/12/2019,16:54:40,[1],96,"['Clouds', 803, 295.84, 88]"
43829.70472,30/12/2019,16:54:48,[0],62,"['Clouds', 803, 295.84, 88]"
43829.70491,30/12/2019,16:55:05,[1],26,"['Clouds', 803, 295.84, 88]"
43829.70501,30/12/2019,16:55:12,[1],32,"['Clouds', 803, 295.84, 88]"
43829.7051,30/12/2019,16:55:21,[1],8,"['Clouds', 803, 295.86, 88]"
43829.70519,30/12/2019,16:55:28,[1],76,"['Clouds', 803, 295.86, 88]"
43829.70528,30/12/2019,16:55:37,[1],41,"['Clouds', 803, 295.84, 88]"
43829.70538,30/12/2019,16:55:45,[1],76,"['Clouds', 803, 296.38, 83]"
43829.70576,30/12/2019,16:56:18,[1],33,"['Clouds', 803, 295.84, 88]"
43829.70588,30/12/2019,16:56:28,[1],81,"['Clouds', 803, 295.84, 88]"
43829.70598,30/12/2019,16:56:36,[1],2,"['Clouds', 803, 295.84, 88]"
43829.70607,30/12/2019,16:56:45,[1],42,"['Clouds', 803, 295.86, 88]"
43829.70617,30/12/2019,16:56:53,[0],69,"['Clouds', 803, 295.84, 88]"
43829.70627,30/12/2019,16:57:01,[0],93,"['Clouds', 803, 295.84, 88]"
43829.70637,30/12/2019,16:57:10,[1],92,"['Clouds', 803, 295.84, 88]"
43829.70646,30/12/2019,16:57:18,[0],71,"['Clouds', 803, 295.84, 88]"
43829.70665,30/12/2019,16:57:34,[1],14,"['Clouds', 803, 295.84, 88]"
43829.70685,30/12/2019,16:57:51,[0],4,"['Clouds', 803, 295.84, 88]"
43829.70715,30/12/2019,16:58:18,[0],52,"['Clouds', 803, 295.84, 88]"
43829.708,30/12/2019,16:59:31,[0],32,"['Clouds', 803, 295.86, 88]"
43829.70809,30/12/2019,16:59:39,[0],50,"['Clouds', 803, 295.86, 88]"
43829.70839,30/12/2019,17:00:05,[0],25,"['Clouds', 803, 295.86, 88]"
43829.70848,30/12/2019,17:00:12,[1],89,"['Clouds', 803, 295.86, 88]"
43829.70859,30/12/2019,17:00:22,[0],68,"['Clouds', 803, 295.86, 88]"
43829.7087,30/12/2019,17:00:32,[1],78,"['Clouds', 803, 295.86, 88]"
43829.7091,30/12/2019,17:01:07,[1],38,"['Clouds', 803, 295.86, 88]"
43829.70924,30/12/2019,17:01:18,[1],15,"['Clouds', 803, 295.86, 88]"
43829.70938,30/12/2019,17:01:31,[0],57,"['Clouds', 803, 295.86, 88]"
43829.70993,30/12/2019,17:02:18,[1],88,"['Clouds', 803, 295.86, 88]"
43829.71004,30/12/2019,17:02:27,[0],27,"['Clouds', 803, 295.86, 88]"
43829.71049,30/12/2019,17:03:06,[1],78,"['Clouds', 803, 295.84, 88]"
43829.71059,30/12/2019,17:03:15,[0],80,"['Clouds', 803, 295.86, 88]"
43829.71068,30/12/2019,17:03:23,[0],11,"['Clouds', 803, 295.86, 88]"
43829.71123,30/12/2019,17:04:10,[0],27,"['Clouds', 803, 295.86, 88]"
43829.71132,30/12/2019,17:04:18,[0],99,"['Clouds', 803, 295.86, 88]"
43829.71143,30/12/2019,17:04:27,[0],84,"['Clouds', 803, 295.86, 88]"
43829.71153,30/12/2019,17:04:36,[1],94,"['Clouds', 803, 295.86, 88]"
43829.71162,30/12/2019,17:04:44,[1],0,"['Clouds', 803, 295.86, 88]"
43829.71184,30/12/2019,17:05:03,[0],75,"['Clouds', 803, 295.86, 88]"
43829.71193,30/12/2019,17:05:11,[0],21,"['Clouds', 803, 295.86, 88]"
43829.71202,30/12/2019,17:05:18,[0],100,"['Clouds', 803, 295.86, 88]"
43829.71212,30/12/2019,17:05:27,[0],6,"['Clouds', 803, 295.86, 88]"
43829.71222,30/12/2019,17:05:36,[1],43,"['Clouds', 803, 295.86, 88]"
43829.71321,30/12/2019,17:07:01,[1],71,"['Clouds', 803, 295.86, 88]"
43829.71332,30/12/2019,17:07:10,[1],42,"['Clouds', 803, 295.85, 88]"
43829.71341,30/12/2019,17:07:19,[1],100,"['Clouds', 803, 295.85, 88]"
43829.71351,30/12/2019,17:07:27,[0],7,"['Clouds', 803, 295.86, 88]"
43829.7136,30/12/2019,17:07:35,[1],3,"['Clouds', 803, 295.86, 88]"
43829.7137,30/12/2019,17:07:44,[0],33,"['Clouds', 803, 295.86, 88]"
43829.7141,30/12/2019,17:08:18,[1],6,"['Clouds', 803, 295.86, 88]"
43829.71423,30/12/2019,17:08:30,[1],35,"['Clouds', 803, 295.86, 88]"
43829.71434,30/12/2019,17:08:39,[1],38,"['Clouds', 803, 295.87, 88]"
43829.71534,30/12/2019,17:10:05,[1],95,"['Clouds', 803, 295.85, 88]"
43829.71543,30/12/2019,17:10:13,[1],97,"['Clouds', 803, 295.87, 88]"
43829.71566,30/12/2019,17:10:33,[1],84,"['Clouds', 803, 295.86, 88]"
43829.71601,30/12/2019,17:11:03,[0],63,"['Clouds', 803, 295.86, 88]"
43829.71611,30/12/2019,17:11:11,[1],66,"['Clouds', 803, 295.87, 88]"
43829.71622,30/12/2019,17:11:22,[1],47,"['Clouds', 803, 295.85, 88]"
43829.71688,30/12/2019,17:12:18,[0],16,"['Clouds', 803, 295.86, 88]"
43829.71734,30/12/2019,17:12:58,[1],4,"['Clouds', 803, 295.87, 88]"
43829.71743,30/12/2019,17:13:06,[1],75,"['Clouds', 803, 295.87, 88]"
43829.71799,30/12/2019,17:13:54,[1],36,"['Clouds', 803, 295.85, 88]"
43829.71808,30/12/2019,17:14:02,[0],85,"['Clouds', 803, 295.86, 88]"
43829.71827,30/12/2019,17:14:18,[1],98,"['Clouds', 803, 295.87, 88]"
43829.71881,30/12/2019,17:15:05,[1],1,"['Clouds', 803, 295.87, 88]"
43829.7189,30/12/2019,17:15:13,[1],83,"['Clouds', 803, 295.87, 88]"
43829.71899,30/12/2019,17:15:21,[1],5,"['Clouds', 803, 295.87, 88]"
43829.71909,30/12/2019,17:15:30,[1],22,"['Clouds', 803, 295.87, 88]"
43829.71944,30/12/2019,17:16:00,[0],68,"['Clouds', 803, 295.87, 88]"
43829.71966,30/12/2019,17:16:18,[1],25,"['Clouds', 803, 295.85, 88]"
43829.71992,30/12/2019,17:16:41,[0],48,"['Clouds', 803, 295.87, 88]"
43829.72019,30/12/2019,17:17:04,[1],60,"['Clouds', 803, 295.87, 88]"
43829.72035,30/12/2019,17:17:18,[1],68,"['Clouds', 803, 295.87, 88]"
43829.7209,30/12/2019,17:18:06,[1],2,"['Clouds', 803, 295.87, 88]"
43829.721,30/12/2019,17:18:15,[1],77,"['Clouds', 803, 295.87, 88]"
43829.72115,30/12/2019,17:18:27,[1],52,"['Clouds', 803, 295.87, 88]"
43829.72124,30/12/2019,17:18:35,[0],1,"['Clouds', 803, 295.87, 88]"
43829.72134,30/12/2019,17:18:44,[0],96,"['Clouds', 802, 295.82, 88]"
43829.72144,30/12/2019,17:18:52,[0],52,"['Clouds', 803, 295.87, 88]"
43829.72154,30/12/2019,17:19:01,[0],55,"['Clouds', 803, 295.87, 88]"
43829.72165,30/12/2019,17:19:10,[0],50,"['Clouds', 803, 295.87, 88]"
43829.72232,30/12/2019,17:20:08,[1],24,"['Clouds', 803, 295.86, 88]"
43829.72241,30/12/2019,17:20:17,[0],95,"['Clouds', 803, 295.86, 88]"
43829.72251,30/12/2019,17:20:24,[1],94,"['Clouds', 803, 295.87, 88]"
43829.7226,30/12/2019,17:20:33,[1],47,"['Clouds', 803, 295.86, 88]"
43829.72269,30/12/2019,17:20:41,[1],54,"['Clouds', 803, 295.87, 88]"
43829.72304,30/12/2019,17:21:10,[1],49,"['Clouds', 803, 295.86, 88]"
43829.72315,30/12/2019,17:21:20,[1],6,"['Clouds', 803, 295.86, 88]"
43829.72325,30/12/2019,17:21:29,[1],26,"['Clouds', 803, 295.87, 88]"
43829.72334,30/12/2019,17:21:37,[1],1,"['Clouds', 803, 295.86, 88]"
43829.72438,30/12/2019,17:23:06,[1],48,"['Clouds', 803, 295.86, 88]"
43829.72447,30/12/2019,17:23:14,[1],79,"['Clouds', 803, 295.86, 88]"
43829.72456,30/12/2019,17:23:22,[1],9,"['Clouds', 803, 295.86, 88]"
43829.72521,30/12/2019,17:24:18,[1],74,"['Clouds', 803, 295.87, 88]"
43829.72574,30/12/2019,17:25:04,[1],44,"['Clouds', 803, 295.86, 88]"
43829.72584,30/12/2019,17:25:13,[1],42,"['Clouds', 802, 295.82, 88]"
43829.72594,30/12/2019,17:25:21,[1],67,"['Clouds', 802, 295.66, 88]"
43829.72605,30/12/2019,17:25:31,[1],41,"['Clouds', 802, 295.66, 88]"
43829.7266,30/12/2019,17:26:18,[0],37,"['Clouds', 802, 295.82, 88]"
43829.72685,30/12/2019,17:26:40,[1],1,"['Clouds', 802, 295.82, 88]"
43829.72712,30/12/2019,17:27:03,[0],87,"['Clouds', 803, 295.86, 88]"
43829.72722,30/12/2019,17:27:12,[0],23,"['Clouds', 803, 295.86, 88]"
43829.72778,30/12/2019,17:28:00,[1],66,"['Clouds', 803, 295.86, 88]"
43829.72787,30/12/2019,17:28:08,[0],50,"['Clouds', 802, 295.82, 88]"
43829.72799,30/12/2019,17:28:18,[0],17,"['Clouds', 802, 295.66, 88]"
43829.72813,30/12/2019,17:28:30,[1],81,"['Clouds', 802, 295.66, 88]"
43829.72823,30/12/2019,17:28:39,[0],10,"['Clouds', 803, 295.86, 88]"
43829.72833,30/12/2019,17:28:48,[0],74,"['Clouds', 803, 295.86, 88]"
43829.72846,30/12/2019,17:28:59,[1],99,"['Clouds', 803, 295.86, 88]"
43829.72855,30/12/2019,17:29:07,[1],66,"['Clouds', 802, 295.65, 88]"
43829.72865,30/12/2019,17:29:15,[1],80,"['Clouds', 802, 295.66, 88]"
43829.72874,30/12/2019,17:29:23,[1],47,"['Clouds', 803, 295.86, 88]"
43829.72884,30/12/2019,17:29:31,[0],50,"['Clouds', 803, 295.86, 88]"
43829.72893,30/12/2019,17:29:40,[0],84,"['Clouds', 802, 295.65, 88]"
43829.72904,30/12/2019,17:29:49,[0],34,"['Clouds', 803, 295.86, 88]"
43829.72925,30/12/2019,17:30:07,[0],0,"['Clouds', 802, 295.66, 88]"
43829.72934,30/12/2019,17:30:15,[1],99,"['Clouds', 802, 295.66, 88]"
43829.72945,30/12/2019,17:30:25,[1],31,"['Clouds', 802, 295.65, 88]"
43829.72991,30/12/2019,17:31:04,[1],76,"['Clouds', 802, 295.65, 88]"
43829.73,30/12/2019,17:31:12,[1],92,"['Clouds', 802, 295.66, 88]"
43829.73018,30/12/2019,17:31:27,[0],74,"['Clouds', 802, 295.66, 88]"
43829.7304,30/12/2019,17:31:46,[1],57,"['Clouds', 802, 295.66, 88]"
43829.73077,30/12/2019,17:32:18,[1],35,"['Clouds', 802, 295.66, 88]"
43829.73115,30/12/2019,17:32:51,[1],47,"['Clouds', 802, 295.65, 88]"
43829.73125,30/12/2019,17:33:00,[1],7,"['Clouds', 802, 295.66, 88]"
43829.73135,30/12/2019,17:33:09,[1],27,"['Clouds', 802, 295.66, 88]"
43829.73145,30/12/2019,17:33:17,[0],97,"['Clouds', 802, 295.66, 88]"
43829.73154,30/12/2019,17:33:25,[0],9,"['Clouds', 802, 295.65, 88]"
43829.73163,30/12/2019,17:33:32,[1],18,"['Clouds', 802, 295.65, 88]"
43829.73216,30/12/2019,17:34:18,[1],76,"['Clouds', 802, 295.65, 88]"
43829.73245,30/12/2019,17:34:43,[0],42,"['Clouds', 802, 295.65, 88]"
43829.73334,30/12/2019,17:36:01,[1],10,"['Clouds', 802, 295.65, 88]"
43829.73354,30/12/2019,17:36:18,[0],64,"['Clouds', 802, 295.65, 88]"
43829.73366,30/12/2019,17:36:28,[1],81,"['Clouds', 802, 295.65, 88]"
43829.73375,30/12/2019,17:36:36,[0],67,"['Clouds', 802, 295.65, 88]"
43829.73409,30/12/2019,17:37:05,[1],13,"['Clouds', 802, 295.66, 88]"
43829.73493,30/12/2019,17:38:18,[0],6,"['Clouds', 802, 295.65, 88]"
43829.73575,30/12/2019,17:39:29,[1],69,"['Clouds', 802, 295.67, 88]"
43829.73585,30/12/2019,17:39:38,[1],43,"['Clouds', 802, 295.67, 88]"
43829.73622,30/12/2019,17:40:10,[0],10,"['Clouds', 802, 295.66, 88]"
43829.73632,30/12/2019,17:40:18,[1],55,"['Clouds', 802, 295.67, 88]"
43829.73642,30/12/2019,17:40:27,[0],1,"['Clouds', 802, 295.65, 88]"
43829.73663,30/12/2019,17:40:45,[0],65,"['Clouds', 802, 295.67, 88]"
43829.73673,30/12/2019,17:40:53,[1],20,"['Clouds', 802, 295.67, 88]"
43829.73683,30/12/2019,17:41:02,[1],84,"['Clouds', 802, 295.67, 88]"
43829.73692,30/12/2019,17:41:10,[0],28,"['Clouds', 802, 295.67, 88]"
43829.73701,30/12/2019,17:41:18,[0],33,"['Clouds', 802, 295.67, 88]"
43829.73733,30/12/2019,17:41:45,[1],69,"['Clouds', 802, 295.67, 88]"
43829.73742,30/12/2019,17:41:53,[1],35,"['Clouds', 802, 295.67, 88]"
43829.73771,30/12/2019,17:42:18,[0],90,"['Clouds', 802, 295.67, 88]"
43829.73809,30/12/2019,17:42:51,[1],52,"['Clouds', 802, 295.67, 88]"
43829.73819,30/12/2019,17:43:00,[1],87,"['Clouds', 802, 295.67, 88]"
43829.73829,30/12/2019,17:43:09,[1],63,"['Clouds', 802, 295.67, 88]"
43829.73839,30/12/2019,17:43:17,[1],27,"['Clouds', 802, 295.67, 88]"
43829.73907,30/12/2019,17:44:16,[1],18,"['Clouds', 802, 295.67, 88]"
43829.73917,30/12/2019,17:44:24,[1],82,"['Clouds', 802, 295.67, 88]"
43829.73932,30/12/2019,17:44:38,[1],58,"['Clouds', 802, 295.67, 88]"
43829.73942,30/12/2019,17:44:46,[0],52,"['Clouds', 802, 295.67, 88]"
43829.73957,30/12/2019,17:44:59,[1],58,"['Clouds', 802, 295.67, 88]"
43829.73966,30/12/2019,17:45:07,[1],54,"['Clouds', 802, 295.67, 88]"
43829.73975,30/12/2019,17:45:15,[1],56,"['Clouds', 802, 295.67, 88]"
43829.73986,30/12/2019,17:45:24,[0],1,"['Clouds', 802, 295.67, 88]"
43829.73996,30/12/2019,17:45:32,[1],17,"['Clouds', 802, 295.67, 88]"
43829.74005,30/12/2019,17:45:40,[0],26,"['Clouds', 802, 295.67, 88]"
43829.74049,30/12/2019,17:46:18,[1],12,"['Clouds', 802, 295.67, 88]"
43829.74059,30/12/2019,17:46:27,[1],35,"['Clouds', 802, 295.67, 88]"
43829.74068,30/12/2019,17:46:35,[0],76,"['Clouds', 802, 295.67, 88]"
43829.741,30/12/2019,17:47:02,[1],64,"['Clouds', 802, 295.67, 88]"
43829.7411,30/12/2019,17:47:11,[1],87,"['Clouds', 802, 295.67, 88]"
43829.74119,30/12/2019,17:47:19,[0],33,"['Clouds', 802, 295.67, 88]"
43829.74151,30/12/2019,17:47:47,[0],35,"['Clouds', 802, 295.67, 88]"
43829.74188,30/12/2019,17:48:18,[1],78,"['Clouds', 802, 295.67, 88]"
43829.7424,30/12/2019,17:49:03,[1],59,"['Clouds', 802, 295.67, 88]"
43829.74257,30/12/2019,17:49:18,[1],52,"['Clouds', 802, 295.67, 88]"
43829.74268,30/12/2019,17:49:28,[0],49,"['Clouds', 802, 295.67, 88]"
43829.74311,30/12/2019,17:50:05,[1],77,"['Clouds', 802, 295.69, 88]"
43829.7432,30/12/2019,17:50:12,[1],45,"['Clouds', 802, 295.67, 88]"
43829.74331,30/12/2019,17:50:22,[1],58,"['Clouds', 802, 295.64, 88]"
43829.74341,30/12/2019,17:50:31,[1],47,"['Clouds', 802, 295.64, 88]"
43829.7435,30/12/2019,17:50:38,[1],97,"['Clouds', 802, 295.64, 88]"
43829.74368,30/12/2019,17:50:54,[0],13,"['Clouds', 802, 295.67, 88]"
43829.74382,30/12/2019,17:51:06,[0],79,"['Clouds', 802, 295.67, 88]"
43829.74391,30/12/2019,17:51:14,[0],25,"['Clouds', 802, 295.69, 88]"
43829.74411,30/12/2019,17:51:31,[1],79,"['Clouds', 802, 295.64, 88]"
43829.74506,30/12/2019,17:52:53,[1],89,"['Clouds', 802, 295.64, 88]"
43829.7452,30/12/2019,17:53:05,[1],81,"['Clouds', 802, 295.64, 88]"
43829.74535,30/12/2019,17:53:18,[0],40,"['Clouds', 802, 295.69, 88]"
43829.74544,30/12/2019,17:53:26,[1],67,"['Clouds', 802, 295.64, 88]"
43829.74567,30/12/2019,17:53:46,[1],75,"['Clouds', 802, 295.69, 88]"
43829.74576,30/12/2019,17:53:53,[1],67,"['Clouds', 802, 295.64, 88]"
43829.74585,30/12/2019,17:54:02,[1],85,"['Clouds', 802, 295.69, 88]"
43829.74604,30/12/2019,17:54:18,[1],87,"['Clouds', 802, 295.64, 88]"
43829.74616,30/12/2019,17:54:28,[0],73,"['Clouds', 802, 295.69, 88]"
43829.74625,30/12/2019,17:54:36,[0],87,"['Clouds', 802, 295.64, 88]"
43829.74635,30/12/2019,17:54:45,[1],64,"['Clouds', 802, 295.69, 88]"
43829.74656,30/12/2019,17:55:03,[1],31,"['Clouds', 802, 295.69, 88]"
43829.74743,30/12/2019,17:56:18,[1],33,"['Clouds', 802, 295.64, 88]"
43829.74822,30/12/2019,17:57:26,[1],99,"['Clouds', 802, 295.64, 88]"
43829.74833,30/12/2019,17:57:36,[0],53,"['Clouds', 802, 295.64, 88]"
43829.74882,30/12/2019,17:58:18,[1],19,"['Clouds', 802, 295.06, 88]"
43829.74936,30/12/2019,17:59:05,[1],90,"['Clouds', 802, 295.06, 88]"
43829.74945,30/12/2019,17:59:13,[1],93,"['Clouds', 802, 295.64, 88]"
43829.74963,30/12/2019,17:59:28,[0],2,"['Clouds', 802, 295.64, 88]"
43829.74975,30/12/2019,17:59:38,[1],49,"['Clouds', 802, 295.06, 88]"
43829.74985,30/12/2019,17:59:47,[0],26,"['Clouds', 802, 295.64, 88]"
43829.75005,30/12/2019,18:00:04,[1],89,"['Clouds', 802, 295.64, 88]"
43829.75014,30/12/2019,18:00:12,[0],92,"['Clouds', 802, 295.06, 88]"
43829.75024,30/12/2019,18:00:21,[1],12,"['Clouds', 802, 295.64, 88]"
43829.75034,30/12/2019,18:00:30,[1],36,"['Clouds', 802, 295.06, 88]"
43829.75043,30/12/2019,18:00:37,[0],82,"['Clouds', 802, 295.06, 88]"
43829.75082,30/12/2019,18:01:11,[0],93,"['Clouds', 802, 295.05, 88]"
43829.75114,30/12/2019,18:01:38,[0],34,"['Clouds', 802, 295.06, 88]"
43829.75123,30/12/2019,18:01:46,[1],77,"['Clouds', 802, 295.05, 88]"
43829.7516,30/12/2019,18:02:18,[1],67,"['Clouds', 802, 295.64, 88]"
43829.75169,30/12/2019,18:02:26,[1],6,"['Clouds', 802, 295.05, 88]"
43829.75213,30/12/2019,18:03:04,[0],54,"['Clouds', 802, 295.05, 88]"
43829.75226,30/12/2019,18:03:15,[1],5,"['Clouds', 802, 295.05, 88]"
43829.75236,30/12/2019,18:03:24,[1],14,"['Clouds', 802, 295.05, 88]"
43829.75264,30/12/2019,18:03:48,[1],33,"['Clouds', 802, 295.05, 88]"
43829.75273,30/12/2019,18:03:56,[1],67,"['Clouds', 802, 295.05, 88]"
43829.75283,30/12/2019,18:04:05,[0],28,"['Clouds', 802, 295.05, 88]"
43829.75329,30/12/2019,18:04:44,[1],83,"['Clouds', 802, 295.05, 88]"
43829.75352,30/12/2019,18:05:04,[0],69,"['Clouds', 802, 295.05, 88]"
43829.75361,30/12/2019,18:05:12,[1],83,"['Clouds', 802, 295.05, 88]"
43829.75371,30/12/2019,18:05:21,[1],65,"['Clouds', 802, 295.05, 88]"
43829.75397,30/12/2019,18:05:43,[1],5,"['Clouds', 802, 295.05, 88]"
43829.75407,30/12/2019,18:05:51,[1],21,"['Clouds', 802, 295.05, 88]"
43829.75438,30/12/2019,18:06:18,[0],10,"['Clouds', 802, 295.06, 88]"
43829.75488,30/12/2019,18:07:02,[1],82,"['Clouds', 802, 295.05, 88]"
43829.75517,30/12/2019,18:07:27,[1],5,"['Clouds', 802, 295.05, 88]"
43829.75527,30/12/2019,18:07:35,[0],96,"['Clouds', 802, 295.02, 88]"
43829.75551,30/12/2019,18:07:56,[1],44,"['Clouds', 802, 295.02, 88]"
43829.75561,30/12/2019,18:08:05,[1],17,"['Clouds', 802, 295.05, 88]"
43829.75577,30/12/2019,18:08:18,[1],60,"['Clouds', 802, 295.05, 88]"
43829.75595,30/12/2019,18:08:34,[1],30,"['Clouds', 802, 295.02, 88]"
43829.75633,30/12/2019,18:09:07,[1],90,"['Clouds', 802, 295.05, 88]"
43829.75715,30/12/2019,18:10:18,[0],79,"['Clouds', 802, 295.05, 88]"
43829.75734,30/12/2019,18:10:35,[1],82,"['Clouds', 802, 295.05, 88]"
43829.75752,30/12/2019,18:10:50,[1],31,"['Clouds', 802, 295.05, 88]"
43829.75762,30/12/2019,18:10:58,[1],69,"['Clouds', 802, 295.05, 88]"
43829.75771,30/12/2019,18:11:06,[0],48,"['Clouds', 802, 295.05, 88]"
43829.75785,30/12/2019,18:11:18,[1],67,"['Clouds', 802, 295.03, 88]"
43829.75812,30/12/2019,18:11:41,[0],43,"['Clouds', 802, 295.05, 88]"
43829.75902,30/12/2019,18:12:59,[1],66,"['Clouds', 802, 295.02, 88]"
43829.75915,30/12/2019,18:13:10,[0],5,"['Clouds', 802, 295.05, 88]"
43829.75925,30/12/2019,18:13:19,[1],89,"['Clouds', 802, 295.02, 88]"
43829.76025,30/12/2019,18:14:45,[1],95,"['Clouds', 802, 295.02, 88]"
43829.76048,30/12/2019,18:15:05,[1],24,"['Clouds', 802, 295.18, 88]"
43829.76058,30/12/2019,18:15:14,[1],27,"['Clouds', 802, 295.18, 88]"
43829.7612,30/12/2019,18:16:07,[0],91,"['Clouds', 802, 295.03, 88]"
43829.76129,30/12/2019,18:16:16,[1],48,"['Clouds', 802, 295.18, 88]"
43829.76139,30/12/2019,18:16:24,[0],83,"['Clouds', 802, 295.02, 88]"
43829.76187,30/12/2019,18:17:05,[1],20,"['Clouds', 802, 295.03, 88]"
43829.76208,30/12/2019,18:17:24,[0],2,"['Clouds', 802, 295.18, 88]"
43829.76271,30/12/2019,18:18:18,[0],98,"['Clouds', 802, 295.03, 88]"
43829.76323,30/12/2019,18:19:03,[1],77,"['Clouds', 802, 295.18, 88]"
43829.76333,30/12/2019,18:19:12,[0],4,"['Clouds', 802, 295.18, 88]"
43829.76343,30/12/2019,18:19:20,[1],73,"['Clouds', 802, 295.18, 88]"
43829.76353,30/12/2019,18:19:29,[0],82,"['Clouds', 802, 295.18, 88]"
43829.76362,30/12/2019,18:19:37,[0],95,"['Clouds', 802, 295.18, 88]"
43829.76372,30/12/2019,18:19:45,[1],56,"['Clouds', 802, 295.18, 88]"
43829.76381,30/12/2019,18:19:53,[0],10,"['Clouds', 802, 295.18, 88]"
43829.76394,30/12/2019,18:20:05,[0],21,"['Clouds', 802, 295.18, 88]"
43829.76403,30/12/2019,18:20:12,[1],73,"['Clouds', 802, 295.18, 88]"
43829.76413,30/12/2019,18:20:21,[1],26,"['Clouds', 802, 295.18, 88]"
43829.76423,30/12/2019,18:20:30,[1],84,"['Clouds', 802, 295.18, 88]"
43829.76433,30/12/2019,18:20:38,[0],60,"['Clouds', 802, 295.03, 88]"
43829.76461,30/12/2019,18:21:02,[1],78,"['Clouds', 802, 295.18, 88]"
43829.76471,30/12/2019,18:21:11,[1],35,"['Clouds', 802, 295.18, 88]"
43829.76484,30/12/2019,18:21:22,[1],52,"['Clouds', 802, 295.18, 88]"
43829.76497,30/12/2019,18:21:33,[0],79,"['Clouds', 802, 295.18, 88]"
43829.76549,30/12/2019,18:22:18,[0],74,"['Clouds', 802, 294.99, 88]"
43829.76559,30/12/2019,18:22:27,[1],98,"['Clouds', 802, 294.99, 88]"
43829.76569,30/12/2019,18:22:36,[0],83,"['Clouds', 802, 295.18, 88]"
43829.76588,30/12/2019,18:22:52,[1],33,"['Clouds', 802, 295.18, 88]"
43829.76598,30/12/2019,18:23:01,[1],45,"['Clouds', 802, 295.18, 88]"
43829.76609,30/12/2019,18:23:10,[1],72,"['Clouds', 802, 295.18, 88]"
43829.76688,30/12/2019,18:24:18,[0],56,"['Clouds', 802, 295.18, 88]"
43829.76698,30/12/2019,18:24:27,[0],9,"['Clouds', 802, 294.99, 88]"
43829.7671,30/12/2019,18:24:37,[0],66,"['Clouds', 802, 294.99, 88]"
43829.76742,30/12/2019,18:25:05,[1],94,"['Clouds', 802, 295.18, 88]"
43829.76751,30/12/2019,18:25:13,[1],75,"['Clouds', 802, 295.18, 88]"
43829.76761,30/12/2019,18:25:21,[1],17,"['Clouds', 802, 295.18, 88]"
43829.76772,30/12/2019,18:25:31,[0],41,"['Clouds', 802, 294.99, 88]"
43829.76781,30/12/2019,18:25:39,[0],42,"['Clouds', 802, 295.18, 88]"
43829.76791,30/12/2019,18:25:47,[0],83,"['Clouds', 802, 294.99, 88]"
43829.76813,30/12/2019,18:26:06,[1],27,"['Clouds', 802, 295.06, 88]"
43829.76828,30/12/2019,18:26:19,[1],66,"['Clouds', 802, 295.18, 88]"
43829.76881,30/12/2019,18:27:05,[0],13,"['Clouds', 802, 294.99, 88]"
